{"patron000": [[0.0, 0.0, 0.0, 0.0, 0.0, 0.0, 0.0, 0.0, 0.0], [0.0, 0.0, 0.001495361328125, 0.0038909912109375, 0.0038909912109375, 0.0038909912109375, 0.001953125, 0.0, 0.0], [0.0, 0.001495361328125, 0.0037841796875, 0.000823974609375, 0.0, 6.103515625e-05, 0.0026092529296875, 0.000823974609375, 0.0], [6.103515625e-05, 0.002716064453125, 0.001953125, 0.0, 0.0, 0.0, 0.0, 0.0, 0.0], [0.000518798828125, 0.003631591796875, 0.0013580322265625, 0.0, 0.0, 0.0, 0.0, 0.0, 0.0], [0.000518798828125, 0.003631591796875, 0.0013580322265625, 0.0, 0.0, 0.0, 0.0, 0.0, 6.103515625e-05], [0.0001220703125, 0.0034332275390625, 0.001953125, 0.0, 0.0, 0.0, 0.0, 0.0, 0.000518798828125], [0.0, 0.001495361328125, 0.0037841796875, 0.000823974609375, 0.0, 6.103515625e-05, 0.0026092529296875, 0.000823974609375, 0.0001220703125], [0.0, 0.0, 0.001495361328125, 0.0038909912109375, 0.0038909912109375, 0.0038909912109375, 0.001953125, 0.0, 0.0], [0.0, 0.0, 0.0, 0.0, 0.0, 0.0, 0.0, 0.0, 0.0]], "filter_bank000": [[0.661300028417797, -0.01652765775771464, 0.3983988784780877, 0.4092254452840119, -0.24096478700901391, -0.3107079322550842, 0.12148822691541213, 0.25857134504733625], [-0.25857134504733625, 0.12148822691541213, 0.3107079322550842, -0.24096478700901391, -0.4092254452840119, 0.3983988784780877, 0.01652765775771464, 0.661300028417797], [0.661300028417797, 0.25857134504733625, 0.12148822691541213, -0.3107079322550842, -0.24096478700901391, 0.4092254452840119, 0.3983988784780877, -0.01652765775771464], [-0.25857134504733625, 0.661300028417797, 0.01652765775771464, 0.3983988784780877, -0.4092254452840119, -0.24096478700901391, 0.3107079322550842, 0.12148822691541213]], "patron001": [[0.001556396484375, 0.001617431640625, 0.001617431640625, 0.0016021728515625, 0.0015869140625, 0.0016021728515625, 0.0016021728515625, 0.0015716552734375, 0.0015716552734375, 0.0015716552734375, 0.0015106201171875, 0.001556396484375, 0.0014495849609375, 0.001373291015625, 0.0014495849609375, 0.0014801025390625, 0.0015106201171875, 0.001495361328125, 0.0015106201171875, 0.0015411376953125, 0.0016632080078125, 0.001678466796875, 0.0016632080078125, 0.00164794921875, 0.0016326904296875], [0.001556396484375, 0.0016021728515625, 0.00152587890625, 0.0015411376953125, 0.0016937255859375, 0.00164794921875, 0.0016021728515625, 0.0015716552734375, 0.0015411376953125, 0.00152587890625, 0.0014801025390625, 0.0013885498046875, 0.00140380859375, 0.00140380859375, 0.001434326171875, 0.001556396484375, 0.00164794921875, 0.0015869140625, 0.0016021728515625, 0.0016021728515625, 0.00177001953125, 0.0016632080078125, 0.0015869140625, 0.0015869140625, 0.001556396484375], [0.0015106201171875, 0.001556396484375, 0.0014801025390625, 0.0015716552734375, 0.0016326904296875, 0.0016937255859375, 0.001708984375, 0.00177001953125, 0.0018463134765625, 0.0016937255859375, 0.0015106201171875, 0.0014801025390625, 0.00146484375, 0.0014190673828125, 0.00146484375, 0.0014801025390625, 0.001556396484375, 0.0015106201171875, 0.0015411376953125, 0.0016021728515625, 0.0016632080078125, 0.0016021728515625, 0.0015411376953125, 0.001556396484375, 0.001556396484375], [0.0015106201171875, 0.0015716552734375, 0.0014495849609375, 0.001495361328125, 0.0015411376953125, 0.0016632080078125, 0.001861572265625, 0.0019073486328125, 0.00189208984375, 0.001800537109375, 0.0016632080078125, 0.0016021728515625, 0.001556396484375, 0.0015106201171875, 0.001495361328125, 0.0015716552734375, 0.0014801025390625, 0.001556396484375, 0.0015411376953125, 0.0015106201171875, 0.0015411376953125, 0.0015106201171875, 0.0014801025390625, 0.0014801025390625, 0.0015716552734375], [0.0015106201171875, 0.0016021728515625, 0.0015106201171875, 0.001617431640625, 0.001678466796875, 0.00177001953125, 0.001861572265625, 0.001861572265625, 0.0018463134765625, 0.001861572265625, 0.00177001953125, 0.001678466796875, 0.001739501953125, 0.001739501953125, 0.0017242431640625, 0.0017852783203125, 0.001708984375, 0.0016937255859375, 0.0016021728515625, 0.0016021728515625, 0.001556396484375, 0.0015411376953125, 0.0015411376953125, 0.0015411376953125, 0.001556396484375], [0.0015106201171875, 0.001556396484375, 0.001556396484375, 0.0016021728515625, 0.0017242431640625, 0.00177001953125, 0.0017852783203125, 0.0018310546875, 0.0018768310546875, 0.001861572265625, 0.0018463134765625, 0.00177001953125, 0.0017547607421875, 0.0017547607421875, 0.0017852783203125, 0.0018310546875, 0.0018157958984375, 0.0016021728515625, 0.001617431640625, 0.001708984375, 0.001739501953125, 0.001708984375, 0.0016326904296875, 0.0015411376953125, 0.001617431640625], [0.0015869140625, 0.0016632080078125, 0.0016937255859375, 0.0016937255859375, 0.0017852783203125, 0.0017547607421875, 0.001739501953125, 0.0018157958984375, 0.0018310546875, 0.0018310546875, 0.00189208984375, 0.0018310546875, 0.0018768310546875, 0.001861572265625, 0.001861572265625, 0.0019073486328125, 0.00189208984375, 0.0018157958984375, 0.0017242431640625, 0.0017547607421875, 0.001739501953125, 0.001678466796875, 0.0015716552734375, 0.0014801025390625, 0.0015411376953125], [0.0015869140625, 0.0017547607421875, 0.0017547607421875, 0.00164794921875, 0.0016632080078125, 0.0017852783203125, 0.0018310546875, 0.0018768310546875, 0.0019073486328125, 0.001861572265625, 0.00189208984375, 0.001953125, 0.0019378662109375, 0.0018768310546875, 0.0019378662109375, 0.00201416015625, 0.0019989013671875, 0.001983642578125, 0.0019073486328125, 0.001800537109375, 0.00164794921875, 0.0016326904296875, 0.00146484375, 0.0014495849609375, 0.0014495849609375], [0.001617431640625, 0.001861572265625, 0.0019378662109375, 0.0017852783203125, 0.0017242431640625, 0.0018310546875, 0.0019378662109375, 0.001922607421875, 0.00189208984375, 0.001922607421875, 0.001922607421875, 0.001922607421875, 0.0019378662109375, 0.00189208984375, 0.0020599365234375, 0.0020904541015625, 0.0020904541015625, 0.0020599365234375, 0.001953125, 0.00177001953125, 0.0016021728515625, 0.0015106201171875, 0.00152587890625, 0.001556396484375, 0.001495361328125], [0.0016937255859375, 0.001983642578125, 0.0019683837890625, 0.0018463134765625, 0.0018310546875, 0.00189208984375, 0.0019989013671875, 0.001953125, 0.001953125, 0.0019378662109375, 0.00189208984375, 0.0018768310546875, 0.0019073486328125, 0.0019683837890625, 0.0020599365234375, 0.002105712890625, 0.002105712890625, 0.0020904541015625, 0.0018768310546875, 0.001800537109375, 0.0017852783203125, 0.0017547607421875, 0.0016632080078125, 0.0016632080078125, 0.0016326904296875], [0.0017242431640625, 0.0018157958984375, 0.0018463134765625, 0.0017547607421875, 0.0018310546875, 0.0019073486328125, 0.00201416015625, 0.0019989013671875, 0.001953125, 0.001953125, 0.0019073486328125, 0.001861572265625, 0.001861572265625, 0.0019683837890625, 0.0020599365234375, 0.0021514892578125, 0.002105712890625, 0.0020294189453125, 0.001953125, 0.001953125, 0.0018310546875, 0.001678466796875, 0.001495361328125, 0.0016326904296875, 0.0017547607421875], [0.0018463134765625, 0.0017242431640625, 0.001800537109375, 0.001739501953125, 0.0018157958984375, 0.0019378662109375, 0.001983642578125, 0.00201416015625, 0.002044677734375, 0.0019683837890625, 0.00189208984375, 0.001861572265625, 0.00189208984375, 0.0020294189453125, 0.00213623046875, 0.0020904541015625, 0.0020294189453125, 0.00201416015625, 0.0019683837890625, 0.0018768310546875, 0.00177001953125, 0.0017852783203125, 0.00152587890625, 0.0015869140625, 0.0016326904296875], [0.001739501953125, 0.00164794921875, 0.0017547607421875, 0.0018463134765625, 0.001800537109375, 0.0018768310546875, 0.0019378662109375, 0.001983642578125, 0.0019073486328125, 0.0019073486328125, 0.0019073486328125, 0.0018463134765625, 0.0019989013671875, 0.002105712890625, 0.002105712890625, 0.00201416015625, 0.0020294189453125, 0.002044677734375, 0.0019378662109375, 0.00189208984375, 0.0018157958984375, 0.001800537109375, 0.001617431640625, 0.0015411376953125, 0.00152587890625], [0.0015716552734375, 0.0015106201171875, 0.0016937255859375, 0.0018157958984375, 